Country Name,FDI_net_inflow_percentGDP,GDP_per_capita,ln(GDP_per_capita),Inflation_GDP_deflator_annual_percent,Trade_percent_GDP,Unemployment_percent_of_total_labor_force,manufacturing_value_added,savings_percent_gdp
Aruba,-2.232923862,31650.76054,10.36251746,4.542973456,145.0107741,,,15.4069345
Africa Eastern and Southern,1.502550458,1512.270553,7.321367478,4.456657862,50.1242823,7.121663747,10.73639425,21.13676195
Afghanistan,0.123804204,500.5226641,6.215652881,6.521479845,,11.08500004,7.043181081,
Africa Western and Central,1.56696372,1749.303317,7.466972883,1.582289576,45.77074501,4.261414006,11.30611362,21.37118218
Angola,-5.913333383,2142.238757,7.669606709,19.18427566,57.82953812,9.480999947,6.137445405,32.09564745
Albania,7.797918141,5396.215864,8.593453221,1.256589952,76.27919462,11.47000027,6.256195102,14.39660635
Andorra,,41327.50203,10.62928347,1.374753508,,,3.673689514,
Arab World,1.408061364,6384.066321,8.761560528,1.780754019,82.05259908,10.16515827,11.178007,30.16254794
United Arab Emirates,4.276339458,45376.17084,10.72274237,-3.194409409,167.3835649,2.329999924,8.867353108,
Argentina,1.485007122,9963.672506,9.206701008,49.19557906,32.63061505,9.840000153,13.54083907,13.69079548
Armenia,0.736361472,4828.505178,8.482292212,1.065622639,96.11415413,12.19999981,11.71149186,9.958147936
American Samoa,,13672.57666,9.523147402,1.7482893,156.568779,,12.36476043,
Antigua and Barbuda,7.599908818,18319.45605,9.815718946,0.208076985,139.4101647,,2.302725433,26.38342703
Australia,2.798356398,54941.43418,10.91402306,3.39772301,45.8267257,5.159999847,5.605068907,22.38537557
Austria,-2.787548839,50070.40335,10.82118536,1.546671591,107.8859975,4.489999771,16.591013,27.83986512
Azerbaijan,3.121830561,4805.753718,8.47756917,-0.241307927,85.81814541,4.849999905,5.003650963,28.57354797
Burundi,0.040556948,216.9729681,5.379772775,0.851867435,29.02621,0.870999992,,
Belgium,-3.990053721,46638.68131,10.75018555,1.761441394,164.1769161,5.360000134,12.34626916,25.10858318
Benin,1.516207809,1170.965533,7.065583929,-0.397554452,63.68133231,1.465999961,9.86572844,21.71942729
Burkina Faso,1.007346446,772.1668949,6.649200712,1.617093954,58.66416724,4.69299984,10.01852791,16.86677862
Bangladesh,0.543233594,2122.078851,7.660151477,3.658148088,31.57805128,4.381999969,21.20794173,36.35349494
Bulgaria,3.223132541,9879.334343,9.198200414,5.236781788,124.6395998,4.230000019,,24.2888103
Bahrain,3.884090323,25869.11291,10.16080498,0.08326178,141.700835,1.180999994,17.62160932,
"Bahamas, The",3.655246092,32610.48505,10.39238914,1.501262439,71.92028986,10.05099964,1.140015766,20.24793403
Bosnia and Herzegovina,2.216933539,6011.370671,8.701408067,2.6311401,95.82592829,15.68999958,12.93772661,19.07328469
Belarus,1.976877774,6837.717826,8.830209304,8.626732645,130.8504061,4.159999847,21.63990615,27.88467347
Belize,3.88620905,6210.565543,8.734007241,-0.112530945,100.9310987,9.050000191,6.585836954,20.36519128
Bermuda,0.059134468,116153.1661,11.662665,2.419351945,77.56010165,,0.5160393428,38.44677842
Bolivia,-0.529735011,3472.380831,8.152595756,-0.693003423,56.39730673,3.680000067,10.48950355,14.19492887
Brazil,3.692700362,8845.259118,9.087636902,4.224258869,28.89025787,12.05000019,10.33250054,12.25079631
Barbados,4.045079187,19002.96238,9.852350161,4.589868131,74.45273982,8.409999847,4.678593229,
Brunei Darussalam,2.771141484,30748.73749,10.33360422,-3.335767975,108.5096584,6.920000076,13.6022193,53.55344169
Bhutan,0.513136317,3303.964211,8.102878303,0.899053929,82.12860548,2.720000029,7.10560426,21.36177422
Botswana,0.560658417,6679.167674,8.806748659,0.32735866,83.24192845,20.09000015,6.103290718,25.83878691
Canada,2.809522276,46328.67184,10.74351631,1.47519792,65.41236208,5.659999847,,20.01542161
Switzerland,1.216424915,84121.93103,11.34002259,-0.103895158,124.1276122,4.389999866,17.92353933,32.36238748
Chile,4.874312683,14631.94688,9.59096256,2.578359014,57.52797385,7.269999981,8.992566577,19.79974392
China,1.310718778,10143.8382,9.224621726,1.286700408,35.89009603,4.559999943,26.77472171,43.77302811
Cote d'Ivoire,1.450101603,2238.811005,7.713700203,0.200492127,46.40091446,2.400000095,11.7846369,17.55413939
Cameroon,2.583196349,1538.687947,7.33868535,1.169771822,43.37851325,3.628999949,12.82578021,14.39895778
"Congo, Dem. Rep.",2.609314437,575.8827908,6.355904152,5.895405368,55.23515804,4.43599987,19.47791945,14.4877079
"Congo, Rep.",-11.19718664,2288.808138,7.735786497,-1.526592852,126.9556106,20.61199951,8.059074256,34.67422362
Colombia,4.329539146,6438.060183,8.76998256,4.002620543,37.55853398,9.960000038,10.92694054,16.17823058
Comoros,0.359894023,1510.797358,7.320392842,4.209105968,42.26807854,8.062999725,,10.35397897
Cabo Verde,6.213570669,3434.562745,8.141644903,0.562980597,115.9071556,12.20699978,6.637511131,35.28652631
Costa Rica,4.220940195,12669.34107,9.446940265,2.566792117,65.76053002,10.81000042,12.04644495,13.90916029
Cuba,,9139.415856,9.120351752,3.546998699,22.82070619,1.200000048,12.47921259,
Curacao,6.785237686,19024.17715,9.853465931,2.625898564,,,7.350041463,
Cayman Islands,18.17790951,89871.91314,11.40614075,3.464414891,114.8099715,,0.8933384009,
Cyprus,203.6452345,29417.13867,10.28933273,1.323018928,151.9551846,7.070000172,5.454334972,14.29378249
Czechia,4.257453319,23664.84786,10.07174601,3.888953446,141.7710237,2.00999999,22.61708456,26.95330567
Germany,1.843505463,46793.68676,10.75350357,2.124384675,87.68640989,3.140000105,19.55664131,29.70341402
Djibouti,5.665500402,2876.043664,7.964170901,0.449797431,320.939003,26.31500053,3.7029574,20.53967464
Dominica,10.30841713,8561.587011,9.05504085,4.483286354,,,2.253580838,
Denmark,-1.097185465,59592.98069,10.99529307,1.048794244,110.2248286,5.019999981,13.40673475,30.34387485
Dominican Republic,3.180974427,8173.338007,9.008632673,2.525618656,51.01114492,6.179999828,13.75880291,24.31154331
Algeria,0.804110687,4022.150184,8.29957191,-0.468024909,51.80757013,10.49499989,23.86191483,37.61704897
Ecuador,0.901434135,6233.258167,8.737654455,0.495450028,46.07682119,3.809999943,14.66885585,25.52375001
"Egypt, Arab Rep.",2.972836963,2869.576588,7.961919768,13.62256757,43.2404502,7.850999832,15.91269958,15.18327142
Eritrea,,,#NUM!,,,5.703999996,,
Spain,1.856148637,29581.51855,10.29490507,1.44735843,66.87389052,14.10000038,10.91381623,22.9344685
Estonia,9.822021038,23424.48471,10.06153711,3.207058426,143.7545303,4.510000229,13.09802636,28.64977217
Ethiopia,2.657360635,840.4494515,6.73393681,12.86039682,28.81530101,3.219000101,5.594368896,29.03045172
European Union,2.254034616,35079.46915,10.46537131,2.262006586,92.06773748,6.679809887,14.95297014,25.50711938
Finland,5.814078688,48629.85823,10.79199299,1.496554192,79.60543321,6.690000057,14.41227726,23.77094476
Fiji,5.879276242,5968.300559,8.694217502,2.24346817,106.6808658,4.441999912,10.30594347,15.90104685
Faroe Islands,,63383.19615,11.05695406,,108.3169314,,6.675516089,
"Micronesia, Fed. Sts.",,3699.081514,8.215839828,1.314581891,104.9514563,,0.4881553398,
Gabon,9.204098355,7523.862278,8.925834886,1.547485198,73.42808945,20.69499969,18.80256883,
United Kingdom,0.692697278,42747.08046,10.66305618,2.113413782,64.13015313,3.74000001,8.707091123,15.43526357
Georgia,7.913234748,4696.150586,8.454498428,5.192391453,118.5993683,11.56999969,8.868100811,19.75587901
Ghana,5.677452823,2167.911589,7.681519582,8.481072981,76.82480183,3.463000059,10.16121861,18.60781572
Gibraltar,,,#NUM!,,,,,
Guinea,0.330286823,1043.899882,6.950718865,9.402907663,78.41531323,5.019999981,10.40035898,7.071450435
"Gambia, The",3.919440966,722.8747931,6.58323603,6.252206399,53.26965257,4.179999828,3.787177037,17.9536158
Guinea-Bissau,4.977547013,730.6114487,6.593881785,-3.417863031,55.37258558,3.174999952,,11.55270522
Equatorial Guinea,3.979952366,7317.390189,8.898009012,-3.163689834,94.87879243,8.277000427,20.85383948,
Greece,2.435792995,19144.28439,9.859759485,0.224149498,81.88422615,17.30999947,7.812149358,10.19091033
Grenada,16.39731404,9887.920742,9.199069164,3.329108892,,,3.37198336,
Greenland,,53256.24409,10.88287034,1.19601242,92.28257822,,3.569282538,
Guatemala,1.517108294,4647.693347,8.444126321,3.578782308,45.517848,2.190000057,13.82283996,16.63849555
Guam,,37752.63308,10.5388105,2.459771071,77.83537543,5.477000237,,
Guyana,32.76494898,6477.296726,8.77605853,2.961396246,,13.52000046,5.049182881,
Honduras,3.806680652,2519.370194,7.831764226,4.126697133,98.02758971,5.550000191,16.35106617,20.11118108
Croatia,6.32260756,15331.88305,9.637689799,2.000333658,101.6005084,6.619999886,11.89953084,25.67094681
Haiti,0.507242085,1324.844005,7.189049999,17.55061276,49.16199704,13.78100014,17.01050143,16.63575298
Hungary,60.18818423,16782.95246,9.728118916,4.771757182,160.7825796,3.420000076,17.43648186,27.48634965
Indonesia,2.233362049,4151.227543,8.331159363,1.5984885,37.62777754,3.589999914,19.70353909,30.90271351
Isle of Man,,87157.47146,11.37547178,1.80002116,,,2.142831592,
India,1.787381739,2047.232704,7.62424426,2.390748792,39.96252793,6.510000229,13.47361811,29.6977505
Ireland,-11.67810972,80927.07467,11.30130372,3.571836178,252.2494982,4.949999809,31.58510251,35.39443351
"Iran, Islamic Rep.",0.531459953,3277.875596,8.094950807,30.69192316,50.75433422,10.73999977,18.04559618,
Iraq,-1.316406167,5621.181695,8.634297187,-2.674440036,68.98993842,15.10999966,2.137531496,37.35014758
Iceland,-2.241446192,68853.71522,11.13973946,4.487744252,84.20538586,3.50999999,8.571367421,24.04404989
Israel,4.31398063,44452.23256,10.70217047,1.836470197,56.3464191,3.799999952,11.39430759,27.0628382
Italy,1.550498698,33673.75096,10.42447391,0.938114135,59.87898022,9.949999809,14.88415792,21.5433856
Jamaica,4.203305436,5626.171177,8.635184415,3.182503095,90.11060763,4.989999771,7.738459359,22.70625635
Jordan,1.621812761,4205.563654,8.344163607,1.780754019,84.7527858,16.79999924,17.4672418,14.15658248
Japan,0.779973899,40458.00188,10.60801972,0.636888707,35.1798202,2.349999905,20.05877622,29.1878145
Kazakhstan,2.053676434,9812.595808,9.191422126,7.633286238,64.85861655,4.800000191,11.46636407,26.6826853
Kenya,0.468162589,1970.105143,7.585842192,4.275234239,31.75946673,5.010000229,7.904615937,14.0714169
Kyrgyz Republic,4.552631191,1374.032105,7.225504839,3.949387891,99.37307655,4.25,14.7110326,24.05118583
Cambodia,13.52202109,1671.385385,7.421408133,3.235371769,123.5565238,0.145999998,16.27677627,27.12303432
Kiribati,-0.313754689,1432.178985,7.266952329,-2.012803956,119.8908033,,3.79590561,66.56768589
St. Kitts and Nevis,5.637924629,23219.33142,10.05274046,-1.129686119,,,5.476786675,
"Korea, Rep.",0.583393861,31902.4169,10.37043705,-0.839325308,75.75713897,3.75,25.22222287,34.78038233
Kuwait,0.378582845,30667.34822,10.33095379,-0.364836713,98.18294426,2.155999899,7.173064815,32.27022224
Lebanon,3.669403427,8985.572499,9.103375514,5.069865639,62.55931323,11.30000019,7.004268207,-5.59437896
Liberia,2.611211949,665.8784476,6.501107143,-0.560426634,,3.01699996,,
Libya,0,10542.14929,9.263136719,4.174679242,78.20912785,19.61199951,2.913187829,21.36064737
St. Lucia,3.605669735,11726.76977,9.369629522,2.471406863,,15.31999969,1.976627199,
Liechtenstein,,167019.6181,12.02586656,,,,38.72937345,
Sri Lanka,0.835214636,4082.69462,8.314512495,3.870527613,49.42552389,4.670000076,16.16080172,32.03361764
Lesotho,1.456107273,1102.56487,7.005394445,3.958110392,135.4694055,16.87999916,16.78724212,17.85309017
Lithuania,6.272519798,19595.14157,9.883036935,2.704456804,149.3315725,6.260000229,16.08323377,21.25325753
Luxembourg,18.33308562,112621.8213,11.63179077,1.394204663,377.8430014,5.590000153,4.992715827,16.75318753
Latvia,3.245380045,17945.22222,9.795079187,2.594844349,120.2879397,6.309999943,10.6002563,22.41187378
St. Martin (French part),,,#NUM!,,,,,
Morocco,1.334801227,3498.573975,8.160110729,0.816805457,75.99811588,9.241999626,14.74945073,27.23057447
Monaco,,199377.4818,12.2029552,1.279273101,,,,
Moldova,4.236533154,4493.370303,8.410358323,5.40013499,85.90237777,5.099999905,10.63683881,16.02397955
Madagascar,3.362798349,512.2796597,6.238870686,6.522090641,62.60132305,1.840999961,10.09005135,16.12877351
Maldives,17.13262456,11118.55654,9.316370752,-1.25067446,147.8509937,4.559999943,2.044894532,17.41045547
Mexico,2.356019328,10145.17018,9.224753027,4.123807809,77.89734695,3.480000019,17.25436526,23.63846751
Marshall Islands,-4.031444874,5188.971114,8.554290713,-4.529617282,152.2669326,,4.931831,13.28137201
North Macedonia,4.358924934,6070.388054,8.711177812,0.868168685,138.5762318,17.38999939,13.39414999,31.83200486
Mali,4.971522344,840.175765,6.733611114,1.930542072,63.65870276,1.618999958,6.612924733,15.07463609
Malta,26.53390903,31198.24145,10.34811701,2.378062396,275.2902569,3.619999886,7.111383196,29.5763325
Myanmar,2.526413422,1295.201448,7.16642152,6.265218659,60.68898922,0.409999996,24.76031656,29.7738413
Montenegro,7.53492968,8909.653336,9.094890612,2.022142505,108.8445841,15.13000011,3.718067729,17.68757732
Mongolia,17.19893953,4394.947147,8.388210784,9.972213257,124.3965146,5.44299984,7.069555547,20.25862666
Northern Mariana Islands,,23707.32881,10.07353951,2.167514704,104.0609137,,,
Mozambique,21.95789811,508.1636746,6.23080359,5.055708413,111.9989204,3.464999914,8.832160852,18.88694317
Mauritania,-10.95397074,1839.96445,7.51750153,5.411090426,96.18448364,10.40200043,5.89701016,36.64546979
Mauritius,3.076107472,11405.72682,9.341870861,-0.466016965,96.28886875,6.329999924,10.52004655,11.37145315
Malawi,0.50091585,584.3628673,6.370522138,7.72834798,,4.93200016,11.53793265,
Malaysia,2.506994805,11132.02393,9.317581272,0.071815283,123.0285086,3.25999999,21.40899482,24.54612294
North America,1.572348341,63198.70132,11.05403903,1.793930501,29.79412652,3.889895294,10.96857141,19.82357207
Namibia,-1.407106309,5126.176144,8.542115269,0.926318631,82.90115208,20.00200081,12.46239875,13.2272301
New Caledonia,-6.941250271,34797.51866,10.45730136,,,10.88000011,,
Niger,5.552201672,550.9635555,6.311668664,0.406851114,37.71436553,0.551999986,7.330979715,24.9629127
Nigeria,0.514393407,2204.181574,7.698111551,10.38477919,34.02387783,5.205999851,11.5223587,22.44440567
Nicaragua,3.993129581,1890.273065,7.544476576,5.504187385,94.67597586,5.202000141,14.0237092,23.13340527
Netherlands,-1.55921351,52476.27325,10.86811641,3.032733792,155.2706766,3.380000114,10.77442485,29.01453075
Norway,4.032639237,75719.7529,11.23479434,-0.472598024,71.04440486,3.690000057,6.181057639,32.76475556
Nepal,0.542801816,1185.682675,7.078073985,4.691155935,49.24952659,10.59899998,4.981441388,42.18750826
Nauru,,9786.026526,9.188710782,3.75,164.4578313,,,
New Zealand,1.366111636,42865.23364,10.66581637,3.489566959,54.33886785,4.110000134,9.830013551,21.35517024
OECD members,1.614400512,39531.66035,10.58485716,2.193195631,56.36272012,5.385726354,13.43444553,23.24290428
Oman,4.812253023,19132.15227,9.859125564,-2.666161645,86.47613366,1.850000024,8.02929792,22.29995806
Pakistan,0.696146445,1437.165907,7.270428333,9.036334842,28.9055758,4.829999924,12.58727459,11.37499378
Panama,6.645173185,15826.08235,9.66941464,0.179845136,84.98237455,6.329999924,5.723312741,29.23821814
Peru,2.084917895,6955.809959,8.847332555,1.872216268,46.94350538,3.380000114,12.84935117,20.55116382
Philippines,2.301175741,3413.847924,8.135595358,0.697076297,68.84184226,2.24000001,18.5164544,31.75518964
Palau,19.44030118,15567.09087,9.652914405,-2.492102492,,,1.039799211,
Papua New Guinea,1.355773435,2593.80465,7.860881054,1.064142837,,2.431999922,1.691022835,
Poland,2.955937298,15699.91135,9.661410345,3.032536649,102.6887138,3.279999971,16.92498816,19.68961856
Puerto Rico,,32916.8668,10.40174047,2.413255854,107.5928596,8.300000191,47.64169609,
"Korea, Dem. People's Rep.",,,#NUM!,,,2.782999992,,
Portugal,4.300252034,23330.81729,10.0575304,1.74945224,86.56471741,6.460000038,11.89529572,18.39227843
Paraguay,1.06104677,5807.838794,8.6669638,3.061879455,71.32765531,6.590000153,18.79516824,21.86312329
West Bank and Gaza,0.769720047,3656.858271,8.204359662,3.849469301,68.99349228,25.34000015,11.23471562,16.85982014
Qatar,-1.599565819,62637.27511,11.04511583,-4.826865727,90.31969177,0.100000002,7.793395084,45.00292882
Romania,2.934213587,12958.07556,9.469474468,6.805324967,84.50306102,3.910000086,17.16843646,19.42101278
Russian Federation,1.888518541,11536.25098,9.353249616,3.263132818,49.22875366,4.5,12.96920728,26.53727684
Rwanda,2.541174409,806.8799811,6.693174935,2.480135755,57.93632746,12.43000031,8.366595204,11.4266429
Saudi Arabia,0.567755267,22430.23823,10.01816525,-1.914794421,62.81614644,5.639999866,12.06102266,33.89475919
Sudan,2.552269688,748.0109253,6.617417584,51.97889335,1.218845307,17.58600044,,35.55521246
Senegal,4.553491203,1462.354333,7.287802973,2.062310678,64.24974753,2.859999895,14.89541542,
Solomon Islands,2.024951063,2398.772757,7.782712534,1.240360034,82.99833762,0.744000018,10.35136769,13.11521325
Sierra Leone,8.399200369,506.6068944,6.227735347,7.702269014,56.1906504,3.193000078,1.951559878,-2.434360546
El Salvador,2.59024369,4280.288404,8.36177567,0.848014714,76.0420131,4.170000076,15.55867794,18.20552893
San Marino,,47287.39839,10.76399912,0.91410016,307.2647781,,30.59027596,
Somalia,6.892829607,405.7867633,6.005827808,7.830295528,101.0639938,18.82799911,,
Serbia,8.286467411,7417.203649,8.911557398,2.440600408,111.9545975,10.39000034,13.68195214,18.28236554
Sub-Saharan Africa (excluding high income),1.518228188,1606.558195,7.381849403,2.85603412,47.94832441,6.066772179,10.9883655,21.25277504
South Sudan,,,#NUM!,,,12.19900036,,
Sao Tome and Principe,5.659892909,1991.738264,7.596763036,6.978236993,,14.07800007,5.913906746,
Suriname,2.095605417,6690.044786,8.808375848,5.177652595,,8.029000282,17.42597135,
Slovak Republic,2.156454407,19383.48104,9.87217649,2.494293466,183.4783674,5.75,19.75418278,20.5398688
Slovenia,3.960012203,26016.07868,10.16647004,2.262006586,158.7992492,4.449999809,20.62474535,26.657647
Sweden,3.093822362,51939.42974,10.85783351,2.546875481,91.43382897,6.829999924,12.80441158,30.37009885
Eswatini,2.846794257,3843.377391,8.254106788,2.406295885,88.61219398,22.78199959,29.55974096,15.55746214
Sint Maarten (Dutch part),,,#NUM!,,,,,
Seychelles,15.26302529,17253.50566,9.755770628,0.719254122,217.7868365,,4.220068787,8.609388473
Syrian Arab Republic,,1116.679246,7.018114601,19.83135401,41.99947112,8.741999626,,
Turks and Caicos Islands,2.251655992,27795.14856,10.23261677,2.129324911,,,0.5207050187,
Chad,5.007877902,701.6212166,6.553393681,2.85603412,74.57052556,1.120000005,2.854010194,
Togo,4.787792567,875.9326592,6.775289215,1.545092656,54.37206965,3.707000017,13.80042945,19.77522995
Thailand,1.014317288,7630.03961,8.939848316,0.997091607,109.6684955,0.720000029,25.619617,31.66647429
Tajikistan,2.56373023,889.0202624,6.790120028,3.658054407,56.04501591,7.044000149,13.4323434,36.45672825
Turkmenistan,4.707869274,7344.648233,8.901727195,4.379455631,,4.225999832,,
Timor-Leste,3.676530684,1584.263844,7.367875127,5.018299689,70.86426513,4.452000141,1.833272479,29.66174888
Tonga,0.340276873,4879.017342,8.492699114,7.703730594,87.16544719,2.243999958,5.168290721,28.33627084
Trinidad and Tobago,0.77138858,15690.9631,9.660840227,-2.289622414,,3.519999981,16.46239062,
Tunisia,1.933306113,3477.883777,8.154179278,7.224314887,102.3326147,15.13000011,14.31893977,11.29171002
Turkiye,1.259709039,9103.043375,9.116364073,13.81925598,62.68872896,13.67000008,18.2939784,26.0191358
Tuvalu,0.551170496,4949.173888,8.50697595,7.102272727,,,,
Tanzania,1.991000159,1052.021729,6.958469048,2.46494913,32.95912259,2.213999987,8.486498749,35.62466116
Uganda,3.602542903,823.1389505,6.713125021,3.000011819,39.36105396,3.553999901,15.46630748,15.64112927
Ukraine,3.766498364,3661.456299,8.205616243,8.246226266,90.51123429,8.18999958,10.78860042,12.28500851
Uruguay,2.400797095,17859.9315,9.790315019,8.522966926,49.60704358,8.729999542,10.44005722,16.00845692
United States,1.47207498,65120.39466,11.08399306,1.793930501,26.45194947,3.670000076,11.05803677,19.79891365
Uzbekistan,3.866754969,1784.009816,7.486618815,17.91000418,72.85728686,5.861000061,17.89785663,34.84288401
St. Vincent and the Grenadines,7.563412471,8674.371009,9.068128096,2.505768286,,19.09000015,4.08569742,
Virgin Islands (U.S.),,38596.03071,10.56090472,2.134873272,155.7687637,12.35000038,,
Vietnam,4.821075049,3491.091274,8.157969652,2.423207531,164.7042207,1.679999948,23.78671736,31.33303266
Vanuatu,3.962839232,3076.589886,8.031577083,3.27936283,99.38296882,1.756999969,,53.43388847
Samoa,-0.238658041,4308.272753,8.368292349,1.499486195,83.33108204,9.147000313,4.540111648,35.65761882
Kosovo,3.608682464,4416.108358,8.393014125,0.962931178,85.75340851,,12.86269666,28.87963341
"Yemen, Rep.",,,#NUM!,,,12.97799969,,
South Africa,1.316776751,6688.787271,8.808187862,4.638081485,54.05476639,25.54000092,12.39907742,13.2848617
Zambia,2.350919043,1268.120941,7.14529151,7.633470481,68.79120494,5.539999962,6.788930097,39.71439324
Zimbabwe,1.142805585,1421.868596,7.259727198,225.3946482,52.68756988,7.369999886,14.22235974,20.23119802
Aruba,6.17105656,24487.86356,10.10593291,-4.83719101,116.5727961,,,5.391215501
Afghanistan,0.064388936,516.8665522,6.247784722,7.821667127,,11.71000004,7.676256858,
Angola,-3.480977926,1603.993477,7.380251722,18.16180724,51.88744592,10.35000038,6.909306124,30.43104426
Albania,7.069484097,5332.160475,8.581511777,0.678486249,59.95174948,13.06700039,6.038043764,13.50305531
Andorra,,37207.49386,10.52426547,1.113786074,,,3.733569332,
Arab World,1.506924952,5545.455246,8.620733997,0.146950452,73.81160957,11.34837049,11.60052818,22.24795547
United Arab Emirates,5.689843791,37629.17417,10.53553494,-12.03130529,166.5718993,4.289999962,10.29178004,
Argentina,1.224943213,8496.424142,9.047400665,40.07688303,30.21979989,11.46000004,14.36714485,17.01957202
Armenia,0.46340889,4505.867364,8.413135685,1.806592702,69.48880754,12.18000031,12.3449098,15.92485667
American Samoa,,15501.52634,9.648693772,5.329298281,156.0055866,,15.22346369,
Antigua and Barbuda,5.634574821,14787.63578,9.60154669,1.744986282,91.52514217,,2.430698207,14.28595947
Australia,1.153617556,51720.37076,10.853607,1.739728096,44.23343408,6.460000038,5.626856872,23.67817187
Austria,-2.680620687,48809.22688,10.79567465,2.558602152,100.2236312,5.360000134,16.41186306,28.73854199
Azerbaijan,1.187903872,4229.910649,8.349936149,-7.395965827,72.01786765,7.159999847,6.101565073,23.56898183
Burundi,0.319811026,216.8267413,5.379098607,5.966502333,26.77333,1.029999971,,
Belgium,-4.635567207,45517.79493,10.72585863,1.510720974,157.1807224,5.550000191,12.29192415,25.44352523
Benin,1.111838798,1237.949295,7.121211495,2.87829908,44.83323338,1.671000004,9.687183591,21.31488358
Burkina Faso,-0.550797503,833.2443426,6.725326928,6.83501465,,5.054999828,9.302578012,
Bangladesh,0.407944224,2233.305524,7.711238065,3.841052188,26.27144655,5.209000111,20.59833094,37.19009686
Bulgaria,5.124823329,10129.81296,9.223238133,4.257860562,110.28183,5.119999886,,20.43466596
Bahrain,2.941180435,23501.91946,10.06483738,-5.502964621,139.8079397,1.674000025,18.12847496,
"Bahamas, The",4.480641268,23862.71099,10.08007231,-3.48689981,59.45667302,12.86699963,1.391824321,11.63885743
Bosnia and Herzegovina,2.170443686,6012.062767,8.701523191,0.176003628,83.2439706,15.26500034,13.11413334,16.69087195
Belarus,2.270122909,6542.797491,8.786120104,11.90788183,118.9338837,4.050000191,21.4866318,27.30070921
Belize,3.663596803,5266.87616,8.569192707,-0.60295269,80.36057692,10.78800011,7.287302885,27.63276169
Bermuda,6.918947479,107791.8864,11.58795767,-0.415057907,69.19588038,,0.3363802167,39.27455749
Bolivia,-3.083516483,3068.812555,8.029045976,-1.854386587,45.50326259,7.900000095,10.95783366,12.48231204
Brazil,2.608541374,6794.489159,8.823867145,5.140222397,32.8904521,13.93000031,9.663418179,14.66613766
Barbados,5.610257288,16643.80658,9.719793449,1.218970884,66.53752301,10.10499954,4.887837664,
Brunei Darussalam,4.71056541,27179.41199,10.21021505,-10.86375964,110.2910037,7.409999847,15.76985849,50.90864173
Bhutan,-0.119859775,3009.924171,8.009670165,7.223304503,75.92107014,5.03000021,5.921248898,17.61899789
Botswana,0.213041137,5863.203241,8.676451361,4.351818907,77.8206894,21.02000046,5.670510694,21.94884151
Canada,1.846609872,43258.26387,10.67494357,0.749680464,60.78253044,9.460000038,,18.88341052
Switzerland,-34.77922953,85656.32267,11.35809832,-0.74115299,122.1656559,4.820000172,17.73192485,32.07462391
Chile,3.642370266,13094.45953,9.479944483,8.817322377,58.50415982,11.14000034,8.907549035,19.91934057
China,1.723183793,10408.66976,9.250394369,0.491448371,34.75429578,5,26.28516911,43.92641973
Cote d'Ivoire,1.162074005,2288.119498,7.735485579,0.954258255,42.20452104,2.660000086,11.19580966,21.15508727
Cameroon,1.655956133,1539.130559,7.338972964,0.705572038,33.7389805,3.947000027,13.18098761,13.23996251
"Congo, Dem. Rep.",3.075078538,524.6666754,6.262763157,3.901549573,58.49175733,5.126999855,18.99122966,22.43167792
"Congo, Rep.",-18.91777418,1838.448139,7.516677092,-13.85542425,99.42221889,22.5170002,,16.27668683
Colombia,2.759387865,5307.215228,8.576822537,1.356488304,33.90423132,15.03999996,10.87192694,14.66365642
Comoros,0.316385466,1519.586823,7.32619375,0.669668394,33.72993462,9.031999588,,9.941944626
Cabo Verde,3.98712445,2924.101807,7.980742638,-0.862089799,84.69273656,14.87800026,7.347107713,33.76022504
Costa Rica,3.38331924,12132.87688,9.403674144,0.156109997,60.10507193,16.43000031,12.72648896,14.0509569
Cuba,,9499.590202,9.15900394,16.55475569,15.68298681,1.399999976,11.19681049,
Curacao,6.239276972,16109.86175,9.687186895,2.180002833,,,4.110982955,
Cayman Islands,110.0202251,83329.45877,11.33055741,0.057659498,106.3485486,,0.9093959447,
Cyprus,-104.059012,28036.18945,10.24125143,-1.209025386,164.1557391,7.590000153,5.67208423,10.05493632
Czechia,3.461936004,22992.87938,10.04293985,4.318402839,133.1483198,2.549999952,21.35212872,27.42451696
Germany,3.670711646,46772.82535,10.75305766,1.810810222,80.39830506,3.859999895,18.70474507,29.10746578
Djibouti,4.974111026,2917.996281,7.978652455,1.762288068,223.1237803,28.04800034,4.430832558,12.3670778
Dominica,4.27100458,7003.469891,8.854161004,-1.132770684,,,2.886776653,
Denmark,0.445557858,60915.4244,11.0172417,2.60762108,103.5122596,5.639999866,13.19164335,30.54850494
Dominican Republic,3.120818428,7167.919159,8.877370677,4.72350402,44.29365655,6.130000114,14.44505942,22.84804183
Algeria,0.788859125,3337.252512,8.112903146,-5.508487673,45.31108911,12.24800014,18.8249165,30.69610288
Ecuador,1.102508318,5645.19929,8.63856078,-0.399099296,41.37523008,6.110000134,16.50909904,24.51586452
"Egypt, Arab Rep.",1.602123894,3398.801432,8.131178128,6.221218398,33.75918019,7.93900013,16.37759137,11.12268806
Spain,2.868551752,26959.67544,10.20209753,1.225566343,60.14316778,15.52999973,11.01486687,21.00736812
Estonia,11.52832233,23595.24368,10.06880043,-0.531509462,138.4663387,6.960000038,12.83400805,28.48075878
Ethiopia,2.225385751,918.6525941,6.822908025,18.25459029,24.00611364,4.125999928,5.303280868,27.12910708
European Union,1.756641902,34330.36653,10.44378556,1.810810222,85.13603834,7.054818712,14.65183132,24.68305934
Finland,-0.914919224,49170.75215,10.80305426,1.481102024,71.63411653,7.760000229,14.25078662,25.14727131
Fiji,5.346852378,4864.117047,8.489640487,-1.216096424,71.73676439,4.794000149,10.93555382,15.38260212
France,0.557988046,39055.28293,10.57273343,2.784576522,56.86382289,8.010000229,9.26738251,21.43792171
Faroe Islands,,61980.29002,11.03457171,,96.90965638,,6.904810077,
"Micronesia, Fed. Sts.",,3639.412699,8.199577601,0.808820404,89.04411765,,0.4951470588,
Gabon,11.20835062,6680.08267,8.806885642,-9.173905724,70.05999659,21.72599983,18.42941535,
United Kingdom,4.898158179,40318.55757,10.60456713,5.933146815,58.11615884,4.472000122,8.718407428,14.05688575
Georgia,3.483223499,4255.742993,8.356024642,7.28127821,93.87579829,11.72999954,9.345305687,11.3243569
Ghana,2.678037209,2176.579459,7.685509868,9.365573701,38.51686166,3.773999929,10.95305585,28.37379876
Gibraltar,,,#NUM!,,,,,
Guinea,1.243842871,1073.659337,6.978828034,4.693938028,132.3825124,5.945000172,9.722191412,2.891517007
"Gambia, The",10.4612837,704.029916,6.55682085,2.188758959,47.50036503,5.096000195,2.613383788,26.42406535
Guinea-Bissau,1.466010181,710.2581385,6.565628479,0.10251975,43.63584037,3.605000019,,13.56555917
Equatorial Guinea,5.246920013,6327.599012,8.75267614,-8.830413999,89.42737007,9.295000076,20.09917883,
Greece,1.748647039,17658.9473,9.778997863,-0.86085916,71.67084493,16.30999947,8.719788974,7.135232212
Grenada,14.26195679,8437.566732,9.040449244,-0.300432591,,,3.128971113,
Greenland,,54571.20916,10.90726172,0.409144969,85.19897036,,3.438251605,
Guatemala,1.293868418,4604.576679,8.434806018,2.728637708,41.15863912,3.358999968,14.11764752,18.25748583
Guam,,34780.86166,10.45682256,4.347386768,63.77845736,6.577000141,,
Guyana,23.65969314,6863.074346,8.833910776,-26.29604987,,15.58899975,4.244023924,
"Hong Kong SAR, China",34.05083302,46107.76528,10.73873666,0.641687432,350.6812029,5.809999943,0.9539531219,25.88598064
Honduras,0.990508826,2354.119614,7.7639221,4.634186675,85.61941811,10.68000031,16.02880559,21.55769281
Croatia,2.173867816,14198.75396,9.56090949,0.734131433,89.98540001,7.510000229,12.06426249,23.63847934
Haiti,0.172316131,1283.14083,7.157066125,20.5805876,37.41389173,15.08500004,17.63777736,19.08111937
Hungary,106.6025755,16120.98905,9.68787737,6.40490683,155.5283775,4.25,17.3213452,26.25759964
Indonesia,1.8112098,3894.272202,8.267262086,-0.436578123,32.97559557,4.25,19.87328813,29.38719241
Isle of Man,,,#NUM!,,,,,
India,2.41266468,1910.421473,7.555079163,5.600919236,37.80535358,10.19499969,13.68338529,28.53850805
Ireland,8.167802878,85420.19086,11.35533778,-1.565278573,247.7657633,5.619999886,34.04510934,36.50919418
"Iran, Islamic Rep.",0.559783429,2746.42045,7.918053688,44.26498363,43.81016459,9.68999958,21.13948696,
Iraq,-1.550742064,4332.304125,8.37385481,-10.25639849,56.65488154,16.22999954,2.708007753,20.59046982
Iceland,-4.049189362,59200.17794,10.98867983,3.609520941,69.45977112,5.480000019,8.787571159,16.97933192
Israel,5.591823828,44846.7916,10.71100733,1.041418428,50.88337705,4.329999924,11.16767451,29.29799637
Italy,-1.164670118,31911.03579,10.37070718,1.614769648,55.28628621,9.159999847,14.57806698,21.53408627
Jamaica,1.919290442,4897.265897,8.496432348,3.555789525,65.85976623,6.5,7.952705946,26.89949301
Jordan,1.72078348,4042.76935,8.304685219,-0.238271698,65.33940474,,17.04049618,10.01258601
Japan,1.204839378,39918.16756,10.59458683,0.906558992,31.35871163,2.799999952,19.74777174,28.3208302
Kazakhstan,4.21992241,9121.637138,9.118404578,4.210858297,57.02644237,4.889999866,13.07253218,26.23044449
Kenya,0.423482498,1936.424589,7.568598556,4.934503501,27.23389922,5.616000175,7.611649982,15.08879502
Kyrgyz Republic,-5.160327391,1182.5217,7.075404471,6.120895469,83.47131195,4.630000114,14.45607601,31.1197354
Cambodia,14.00948204,1577.911747,7.363857573,-0.671856544,123.5030089,0.298000008,16.20365903,27.45785099
Kiribati,1.450481509,1430.551574,7.265815365,3.269608164,95.73376749,,4.353077224,59.13934326
St. Kitts and Nevis,0.632813795,18566.09559,9.829092379,-6.582107773,,,5.074909347,
"Korea, Rep.",0.533043338,31721.29891,10.36474362,1.563746857,69.03404509,3.930000067,24.7802807,36.22874636
Kuwait,-0.526665094,24300.32944,10.09824519,-13.91093387,,3.33100009,6.607085546,
Lao PDR,5.098073156,2593.355097,7.860707721,5.034504125,,3.575999975,7.684786494,
Lebanon,5.118945657,5599.957523,8.630514292,84.29999934,50.12980429,12.97099972,2.943719488,2.440259121
Liberia,2.860542783,597.5296919,6.392803976,-5.607895878,,3.842000008,,
Libya,0,7568.042011,8.931689662,-5.06601246,,20.34300041,,-14.22898113
St. Lucia,3.137072806,8458.162761,9.042887261,-4.289366436,,20.38999939,2.788473083,
Sri Lanka,0.508346724,3893.841515,8.267151485,3.136141743,36.63508659,5.199999809,16.08659692,32.20877977
Lesotho,1.254996632,989.8471707,6.897550558,13.01974536,127.6121389,18.46100044,14.42463714,22.15838469
Lithuania,7.878381273,20339.52127,9.920321133,1.783323187,137.1975758,8.489999771,15.5841775,21.24075125
Luxembourg,138.2149991,117370.4969,11.67309085,4.694516219,365.2157924,6.769999981,5.027022821,20.02869684
Latvia,2.711401104,18207.13964,9.809569084,0.970729604,118.831064,8.100000381,10.99140772,24.55984866
"Macao SAR, China",-27.05652398,37646.3162,10.53599039,-0.242183467,121.0394348,2.569999933,0.8269460518,40.74003283
Morocco,1.169126398,3258.121338,8.088906032,0.146950452,68.84726822,11.11400032,15.15898297,27.69712378
Monaco,,182538.6383,12.11471715,2.784789487,,,,
Moldova,1.330468677,4500.624464,8.411971436,5.43003694,77.06545656,3.819999933,10.49299699,16.67589194
Madagascar,2.746571354,462.4042237,6.136439452,4.311145137,49.01070737,2.362999916,9.724984406,8.173137063
Maldives,11.76385044,7282.358489,8.893210057,0.415365511,117.7780717,5.340000153,2.495990706,8.894956549
Mexico,2.889191388,8655.000682,9.065892546,4.167274101,76.90035371,4.449999809,17.37277756,24.87347635
Marshall Islands,-1.812360434,5567.972727,8.624786304,6.103248035,108.414239,,3.27007344,17.53781946
Middle income,1.725387143,5206.168295,8.557599412,2.220901833,43.69716937,7.096334404,20.47515602,31.84020493
North Macedonia,0.062229382,5965.450232,8.693739811,2.910146371,128.2412581,16.54999924,12.92597672,27.11280577
Mali,3.073803238,822.906144,6.712842153,0.532340178,66.99057428,3.529999971,6.786425649,15.16221032
Malta,28.58735996,28977.56557,10.27427721,1.517154845,291.5013883,4.349999905,7.544038122,24.64499862
Myanmar,2.416252155,1477.45287,7.29807485,3.844254536,55.10412933,1.480000019,,
Montenegro,11.13036712,7677.152226,8.946003953,-0.175604638,87.00602224,17.87999916,4.110353118,5.228905474
Mongolia,12.91307983,4041.174196,8.304290571,3.706721766,112.8386476,6.590000153,7.756164685,16.30696647
Mozambique,22.72425076,449.9552098,6.109148044,2.499981967,95.92866252,3.776000023,7.920080717,16.39729037
Mauritania,11.03940559,1868.466574,7.53287336,6.623492815,94.65592645,11.13700008,6.005202922,36.31681032
Mauritius,1.970591041,9007.419102,9.105803861,2.570562199,85.88373503,8.630000114,10.82310141,5.314414458
Malawi,0.371348227,628.699482,6.443653371,10.20314909,,5.681000233,,
Malaysia,1.203176188,10160.78325,9.22629081,-0.770892442,116.8285614,4.539999962,22.25204513,23.86351384
North America,0.791506087,61451.97615,11.02601127,0.749680464,26.59089881,8.205203504,10.57592093,19.37676634
Namibia,-1.419189581,4251.172766,8.354950169,4.536206445,75.13927288,21.23600006,11.0106137,17.80523174
New Caledonia,-5.509210105,34800.75951,10.45739449,,,13.56000042,,
Niger,2.624046789,564.8220018,6.33651064,0.949190055,36.06190564,0.680000007,7.390245688,13.06308606
Nigeria,0.551893461,2074.613928,7.637530357,7.849142046,16.3521874,5.999000072,12.66726516,28.5969834
Nicaragua,5.930736068,1863.109257,7.530002015,5.493340092,89.39974044,5.936999798,13.53782304,22.92357015
Netherlands,-24.03978317,52162.57012,10.86212047,1.928572016,146.461778,3.819999933,10.82645977,26.90348461
Norway,-1.132711059,67329.67779,11.1173564,-3.604605158,65.33047893,4.420000076,6.509326328,31.40469996
Nepal,0.378738964,1139.190277,7.038073006,3.21740233,40.91886559,13.07800007,4.474854392,32.81975747
Nauru,,9307.886768,9.138617359,1.841456736,146.7836257,,,
New Zealand,1.952973635,41596.5055,10.63577144,2.062531603,44.22141026,4.599999905,,19.79957175
Oman,3.805782648,16707.62301,9.723620362,-10.78367813,91.8757004,2.940000057,8.356145702,11.40727913
Pakistan,0.68469516,1322.315036,7.187139295,9.944498211,26.71628046,6.550000191,11.41607343,14.54158093
Panama,-3.991949134,12569.17154,9.439002392,-1.795936478,74.0772366,14.11400032,5.776719714,26.26979748
Peru,0.362712385,6056.343903,8.708861581,3.892674145,43.53000756,7.179999828,12.19254432,19.61825433
Philippines,1.885863784,3224.422551,8.078509159,1.650490187,58.1695603,2.519999981,17.65817905,24.81817397
Palau,16.84358873,14016.2475,9.547972471,-0.631163708,,,1.07185391,
Papua New Guinea,0.473798112,2446.066306,7.802236424,1.632621229,,2.694000006,1.685225352,
Poland,3.19476619,15816.9894,9.66883992,4.255038941,100.3242114,3.160000086,16.47228525,20.31039232
Puerto Rico,,31393.90737,10.35436912,2.456991853,103.6167629,8.890000343,48.82066932,
"Korea, Dem. People's Rep.",,,#NUM!,,,3.063999891,,
Portugal,1.742925386,22242.40642,10.00975594,2.003474567,76.23748846,6.800000191,12.01812693,17.69144005
Paraguay,0.268692652,5353.348065,8.585477451,2.203921468,63.09465043,7.550000191,18.70442753,22.85030834
West Bank and Gaza,0.513433767,3233.568638,8.081341648,2.220901833,67.28819125,25.88999939,11.04708435,12.17484654
French Polynesia,0.292554637,18910.38013,9.847466264,3.842905031,46.85223564,13.67000008,,
Qatar,-1.68550859,52315.66008,10.86505103,-14.76951151,90.01909489,0.140000001,7.911260411,41.78169755
Romania,1.433159185,13047.43206,9.476346616,4.109315184,78.05911338,5.03000021,15.85973872,19.56782716
Russian Federation,0.63643405,10169.08691,9.227107702,0.657739076,46.03086561,5.590000153,13.4231661,26.24082473
Rwanda,1.498516736,774.6892594,6.652461993,6.727420087,55.13399077,13.01000023,8.741614809,12.39346913
South Asia,1.977510787,1852.300088,7.524183437,4.720985712,36.04373613,9.253800925,14.14814605,27.9483002
Saudi Arabia,0.767614998,19539.56581,9.880196705,-8.696839516,52.07658885,7.449999809,12.11524846,24.56037839
Sudan,2.65193447,608.3325195,6.41072164,115.6529152,0.756875545,19.29199982,,30.6024943
Senegal,7.535426476,1490.203137,7.306667723,1.487083528,60.00472995,3.509000063,14.29970662,
Singapore,21.64824649,60729.45035,11.01418404,-2.972168094,331.7279339,4.099999905,19.95498366,40.18784295
Solomon Islands,0.584582052,2222.465636,7.706372505,-1.324998225,60.22033764,0.89200002,9.681382262,18.63403159
Sierra Leone,4.250230769,493.4787775,6.201479854,10.91548159,51.55793775,3.572000027,1.884905711,0.3172082889
El Salvador,1.518578488,3903.395839,8.269602181,-0.486126809,69.45115055,5.019999981,14.92760255,19.7760953
San Marino,,45320.20872,10.72150832,0.344576763,304.9031677,,31.47603937,
Somalia,6.741246549,416.2177747,6.03120862,6.440183551,101.641726,19.56699944,,
Serbia,6.533014647,7733.802869,8.953355983,2.448416133,104.7190149,9.010000229,13.28391714,20.59963337
South Sudan,,,#NUM!,,,13.74499989,,
Sao Tome and Principe,9.96975618,2161.310196,7.678469889,5.459544803,,15.44299984,5.678035283,
Suriname,0.035713202,4796.533314,8.47564871,45.21776444,,9.524000168,23.10871567,
Slovak Republic,-1.070044402,19545.74282,9.880512783,2.370657784,168.5135185,6.690000057,18.11043119,19.60756249
Slovenia,0.94265435,25545.241,10.14820632,1.259425427,146.2353421,4.96999979,20.53988964,27.64580489
Sweden,3.455753011,52837.90398,10.87498409,1.994045928,83.21100287,8.289999962,12.36082768,30.96588842
Eswatini,0.974018856,3372.895601,8.123526883,2.559779154,86.88450516,25.07999992,26.52452868,15.6352202
Seychelles,6.347413185,12808.98747,9.45790235,1.82834783,135.9520033,,5.178358905,5.727866564
Syrian Arab Republic,,533.3852317,6.279243924,54.60384762,48.39044897,10.01099968,,
Turks and Caicos Islands,3.290011692,20882.26127,9.946655335,5.46019004,,,0.6704644148,
Chad,5.204590631,643.7722213,6.46734497,-5.454896408,68.73036014,1.644999981,3.191500401,
Togo,-0.781645644,897.1945754,6.799272756,1.282158196,54.84127339,4.027999878,14.38103974,22.3543543
Thailand,-0.990125094,6990.935503,8.852369661,-1.318658155,97.82492568,1.100000024,25.48997752,27.98558128
Tajikistan,1.309747193,852.3336702,6.747978082,1.655912795,55.74910402,7.485000134,15.62585236,36.28441702
Turkmenistan,,,#NUM!,,,4.798999786,,
Timor-Leste,3.353356032,1660.30834,7.414758611,-19.34117843,84.88499715,4.803999901,1.531547659,9.870684572
Tonga,0.871767685,4606.064552,8.435129095,-4.198068803,85.53402289,2.654000044,5.606668857,23.47971691
Trinidad and Tobago,5.014234504,13871.79822,9.537613153,-4.401286872,,4.210000038,15.2528637,
Tunisia,1.392106781,3497.68141,8.159855574,6.465767114,84.24077223,16.37299919,13.69383466,6.107315044
Turkiye,1.087201942,8561.070948,9.054980572,14.85282345,60.95593104,13.10999966,19.13430051,26.77983275
Tuvalu,0.1816375,4973.774561,8.5119343,1.033295063,,,,
Tanzania,1.097405659,1042.09668,6.948990001,0.343712899,29.60425,2.779999971,8.503646841,34.62211259
Uganda,2.32383307,846.7672013,6.741425806,2.721484443,37.00069239,4.511000156,15.79525672,12.67603094
Ukraine,0.194103021,3751.740723,8.229975204,10.29494428,79.15645238,9.479999542,10.10138261,12.2195581
Uruguay,0.965547268,15619.54266,9.656278144,11.03737152,45.82338553,10.32999992,10.29492027,16.48066719
United States,0.707068619,63530.63348,11.05927749,1.304912071,23.38376188,8.050000191,10.62906472,19.415608
Uzbekistan,2.885497762,1749.655815,7.46717437,11.64602698,62.02926881,5.289999962,19.63667027,33.6027038
St. Vincent and the Grenadines,7.480987878,8335.256476,9.028249566,1.199573651,,20.54999924,3.934845596,
Virgin Islands (U.S.),,39552.1686,10.5853758,4.353669619,114.961941,13.25500011,,
Vietnam,4.558361808,3586.347302,8.184889499,1.467486618,163.2458574,2.099999905,23.94724221,33.00732474
Vanuatu,2.724862238,2877.520173,7.964684151,1.800535265,58.57443807,2.01699996,,51.37704152
Samoa,0.509297428,4042.751224,8.304680735,1.22360924,77.48360073,9.793000221,3.950283485,33.2251403
Kosovo,5.1137627,4310.811183,8.368881375,1.381106984,75.60801713,,13.35206942,26.58390267
South Africa,0.934054723,5741.643129,8.655500708,5.692615293,50.80098153,24.34000015,11.66241618,14.24886976
Zambia,1.353931216,956.8313639,6.863627163,13.74350216,79.32548782,6.03000021,7.715369781,45.21786987
Zimbabwe,0.699033511,1372.696674,7.224532459,604.9458642,54.6505613,7.897999763,15.69656645,16.45276307
Aruba,4.272050302,29342.10086,10.28677865,2.216017165,137.1643391,,,14.95797715
Afghanistan,0.139319462,368.7546142,5.910131421,0.524516524,,,9.060747765,
Angola,-6.461186268,1953.533757,7.577395195,33.61859184,60.47306534,10.38399982,5.168850565,40.20985124
Albania,6.675069228,6492.872012,8.778460241,5.928013814,74.53566473,12.68299961,6.230621377,19.29226212
Andorra,,42137.32727,10.64868926,2.096461141,,,,
Argentina,1.392029622,10636.1202,9.272011054,54.15241194,32.97948189,8.739999771,15.47916583,21.5520291
Armenia,2.643635933,4966.513471,8.510473358,6.866740735,79.16676339,12.72900009,11.40418268,16.47246795
American Samoa,,15743.31076,9.66417084,0.905497171,149.2242595,,,
Antigua and Barbuda,16.62540589,15781.3957,9.666587038,1.983975116,,,2.319966566,
Australia,1.596547573,60443.10916,11.00945786,2.800899836,39.87004541,5.119999886,5.548834153,25.77533511
Austria,2.566072471,53637.70571,10.89000756,1.94340746,111.2222921,6.179999828,16.54585007,28.27025507
Azerbaijan,-3.126323611,5387.997975,8.591929162,21.15692887,76.57070981,5.949999809,6.824528284,32.82400673
Burundi,0.284120849,221.4776762,5.4003218,9.907567467,28.81866,1.131999969,,
Belgium,4.045891821,51247.01435,10.84441264,2.926076119,172.6744515,6.260000229,12.31996235,26.43576705
Benin,2.018004498,1319.154995,7.184746655,-1.513167801,62.7382634,1.751999974,9.781200195,
Burkina Faso,0.695992838,893.0771558,6.794672978,-0.816610099,,5.231999874,9.522043884,
Bangladesh,0.414124825,2457.92488,7.807072728,4.121175352,27.7240047,5.097000122,21.23567299,36.0505892
Bulgaria,2.527186752,12221.49661,9.410951697,7.132681789,120.9740812,5.269999981,,21.31361977
Bahrain,4.543396425,26562.96914,10.18727339,9.501301209,,1.531999946,20.11598826,
"Bahamas, The",3.417597016,27478.38963,10.22115514,1.616956812,69.62778581,11.66499996,1.686205235,7.424460787
Bosnia and Herzegovina,2.732082393,7143.310548,8.87393161,4.878606347,97.23393625,14.89999962,14.44143305,20.6241775
Belarus,1.804435147,7302.257794,8.895938866,13.05041983,138.7385722,3.900000095,22.860707,29.19834322
Belize,5.21960639,6228.267309,8.736853453,3.955286155,96.58840056,10.28999996,6.781258278,26.2720874
Bermuda,0.681739689,114090.3283,11.64474577,0.366694539,72.23451189,,0.346443825,42.09584641
Bolivia,1.444202666,3345.196589,8.115280742,3.966970327,59.01833387,5.090000153,10.72629325,13.86685767
Brazil,2.886240322,7507.160971,8.92361264,11.09637043,39.17612215,13.34000015,9.645341702,17.4487058
Barbados,4.928673032,17225.4623,9.754143934,3.878277849,70.84623643,9.581999779,5.056980057,
Brunei Darussalam,1.461809608,31449.07656,10.3561249,15.46592853,147.1231127,7.446000099,18.51438545,49.75464803
Bhutan,0.26709868,3266.364905,8.091432996,4.703273588,84.5616007,3.907999992,5.858293511,13.43423211
Botswana,0.3131187,6805.221274,8.825445431,2.525640898,94.47948604,21.15500069,5.564591021,21.85127697
Canada,3.255335502,51987.93905,10.85876703,8.069384509,61.37327832,7.460000038,,22.92576464
Switzerland,1.163090394,91991.60046,11.42945255,1.059862906,130.8508095,5.099999905,17.9908748,35.86790425
Chile,4.810322861,16265.09598,9.69677674,7.559883001,64.43223875,9.350000381,8.656629549,18.72752192
China,1.883262938,12556.33312,9.437980448,4.371786898,37.46895824,4.550000191,27.4377471,44.88922133
Cote d'Ivoire,1.987966445,2549.041297,7.843472606,2.763518213,45.72080599,2.816999912,,
Cameroon,2.125205086,1666.932734,7.41874053,3.356131743,37.06987698,4.122000217,13.11772542,14.08417658
"Congo, Dem. Rep.",3.030974583,577.2092152,6.358204792,14.97543455,80.48131142,5.111999989,17.72089052,23.97711657
"Congo, Rep.",27.61293327,2290.382891,7.736474284,25.60115057,95.61488589,22.23500061,,
Colombia,2.983263063,6104.136709,8.716721969,6.502214787,40.85118592,13.89999962,11.51525879,13.54417046
Comoros,0.310531932,1577.471027,7.363578228,0.059577397,42.27772873,8.979000092,,13.98618983
Cabo Verde,5.409418124,3293.233054,8.099625052,2.330490817,82.62620746,13.90999985,8.607649304,32.36820327
Costa Rica,5.589088299,12472.44373,9.431276988,2.02914008,70.60613362,15.14000034,13.88173176,15.69992185
Curacao,5.397085801,17717.59648,9.782313576,3.758499146,,,3.891624171,
Cayman Islands,438.9812676,86568.76964,11.3686944,3.261411266,,,,
Cyprus,-117.4202548,31551.81641,10.35938644,2.871144871,170.3124696,7.460000038,5.6978993,11.36273036
Czechia,2.701354303,26821.24523,10.19694958,3.331700274,142.5017533,2.809999943,21.08031723,28.16902507
Germany,1.729001001,51203.55447,10.84356423,3.057600698,88.74277782,3.569999933,18.85505657,30.65498482
Djibouti,4.787560582,3150.436729,8.055296366,4.463730555,,27.95400047,,
Dominica,6.095283249,7653.17187,8.942875464,3.025696876,,,2.502857066,
Denmark,3.692662349,68007.75667,11.12737705,2.766608193,112.1802539,5.059999943,11.95612009,32.02444223
Dominican Republic,3.453820784,8476.752157,9.045082655,7.777158119,52.73486707,7.699999809,15.15988999,27.79262562
Algeria,0.533091651,3690.627878,8.213551879,15.73674428,52.97005199,11.74699974,25.99505029,36.53041929
Ecuador,0.609966438,5965.132871,8.693686609,2.579330935,51.38600857,4.5,16.79436496,25.40597076
"Egypt, Arab Rep.",1.267448147,3698.834981,8.215773179,4.81371578,31.37360038,7.400000095,15.49889076,7.693228024
Eritrea,,,#NUM!,,,6.802000046,,
Spain,3.076229592,30103.51373,10.31239718,2.300974289,68.38177657,14.77999973,11.53522996,21.79084404
Estonia,19.79293743,27943.70122,10.23794709,5.99690608,156.9580491,6.179999828,12.7186232,30.59422157
Ethiopia,3.82798887,925.077428,6.82987744,21.77832231,24.25551502,3.930000067,4.605303499,25.10236656
European Union,2.197546722,38411.06278,10.55610079,2.766608193,92.82977693,7.001453279,14.72952206,26.15524218
Fragile and conflict affected situations,2.204061114,1796.396294,7.493537878,7.43023118,44.55990055,7.035047973,,25.82137609
Finland,8.028632039,53654.7503,10.89032529,2.548311546,78.6045901,7.610000134,14.67774211,25.2862823
Fiji,9.540630835,4646.612723,8.443893786,-3.446577853,81.88349526,4.928999901,11.6056081,
France,2.989561033,43658.97898,10.68416424,1.333318426,60.8396678,7.860000134,8.879429958,24.36624147
Faroe Islands,,69010.3098,11.14201119,,104.8968937,,7.152070841,
"Micronesia, Fed. Sts.",,3571.336769,8.18069525,2.287818304,93.50816241,,0.5092705002,
Gabon,8.086446417,8635.325694,9.063616708,25.34846965,72.64559462,21.83600044,23.58839112,
United Kingdom,0.189126104,46510.28278,10.7474287,0.369254421,56.67033423,4.826000214,8.777998124,15.94549745
Georgia,6.803097556,5023.27438,8.521837267,10.25408911,102.8211961,12.20800018,9.868780309,8.612767613
Ghana,3.367245401,2363.299296,7.767813928,11.18722679,58.43001363,3.91899991,10.7001507,21.73951236
Guinea,1.228015392,1189.175999,7.081015908,11.5,132.3825124,5.820000172,9.722191412,1.910352066
"Gambia, The",12.35383004,772.1523951,6.649181934,7.84693621,42.09279568,4.980999947,1.870702461,35.69925284
Guinea-Bissau,1.453462526,795.1185693,6.678491247,6.218315512,,3.687000036,,
Equatorial Guinea,4.002569121,7506.667523,8.923546908,18.16219531,102.0672996,9.147000313,22.74843818,
Greece,2.853988532,20192.5963,9.913071296,1.292199149,89.46090242,14.71000004,8.648155813,10.6647904
Grenada,12.84513246,9010.572245,9.106153861,2.790173761,,,3.313783572,
Guatemala,4.184149829,5025.542291,8.522288646,2.751800976,49.86155245,2.941999912,13.99917408,19.17782946
Guam,,35904.86355,10.48862804,2.937328402,62.92666993,6.25,,
Guyana,27.81171072,9998.544311,9.210194792,22.46543503,,14.90499973,3.133827547,
"Hong Kong SAR, China",37.16143581,49800.54241,10.81578115,0.852278618,402.2232429,5.170000076,0.9170005596,28.91378191
Honduras,3.074709057,2771.717461,7.927222429,3.800923573,100.3806761,7.947000027,16.37021016,19.15759375
Croatia,6.75828982,17685.32528,9.780490494,2.034956001,104.0265295,7.610000134,11.40182886,24.83659672
Haiti,0.244929519,1829.593044,7.511848841,19.34195125,37.04653984,15.0170002,19.30310353,14.9113763
Hungary,16.13696008,18728.12189,9.837781518,6.302723394,162.7918598,4.050000191,16.95199075,26.50659496
Indonesia,1.801041009,4332.709281,8.373948325,6.015274347,40.42276773,3.829999924,19.25015662,33.07091885
India,1.408158771,2256.590409,7.721610284,9.966416661,45.29026574,7.712999821,13.97576886,30.2137348
Ireland,16.06930901,100172.0793,11.51464478,0.657643226,229.4460365,6.190000057,34.61500883,38.95319934
"Iran, Islamic Rep.",0.396148984,4091.209187,8.31659585,56.31965464,44.37383405,10.81799984,21.21509497,
Iraq,-1.268607654,4775.377454,8.471228298,33.44781553,61.82135355,16.17000008,2.054694658,30.45950495
Iceland,0.363751606,68727.63666,11.13790668,5.996621196,78.18088908,6.019999981,9.167680333,15.20826928
Israel,4.398184742,52170.71186,10.86227654,2.128294717,54.96292529,4.318999767,10.16480267,29.1394282
Italy,0.897256467,35657.49756,10.48171471,0.538692423,62.98312326,9.5,14.90227212,23.10512395
Jamaica,2.186444477,5183.581305,8.553251468,7.427423702,73.35657608,6.011000156,8.197332482,33.93172261
Jordan,1.359363617,4103.258966,8.319536807,1.278663445,81.44389263,18.44400024,17.03353892,8.284815184
Japan,0.669779533,39312.66037,10.57930189,-0.875626753,37.37998649,2.799999952,,28.1112853
Kazakhstan,2.325720046,10373.78979,9.247037692,13.93007505,57.54390132,5.162000179,13.60875474,25.54216109
Kenya,0.419901404,2081.799855,7.640988113,5.004546443,30.66917475,5.644000053,7.244218148,16.41079918
Kyrgyz Republic,2.897092131,1276.700365,7.152034189,15.96865492,108.394252,4.765999794,13.45541597,20.13307863
Cambodia,12.92034312,1625.23502,7.393407712,1.291945004,132.2139058,0.294999987,17.86494001,28.59781561
Kiribati,0.49817405,1606.462514,7.381789844,3.288191525,108.490566,,,
St. Kitts and Nevis,3.071561626,18082.61019,9.802705992,-1.814060753,,,4.787739806,
"Korea, Rep.",0.928774702,34997.78164,10.46303996,2.497675721,80.49233995,3.640000105,25.46192953,36.58925298
Lao PDR,5.693446966,2535.623432,7.838194816,3.713448371,,3.637000084,8.69509979,
Lebanon,2.581497196,4136.146347,8.327519799,150.000705,78.82862475,12.49699974,1.426829956,-2.825172893
Liberia,1.301795383,675.6631858,6.515694706,9.945623531,,3.671999931,,
Libya,,6357.19555,8.757342608,110.4000707,,20.6060009,,
St. Lucia,5.064256189,9414.226231,9.149977253,-0.596394872,,19.52000046,3.205982205,
Latin America & Caribbean,3.378721072,8327.60519,9.027331202,3.878277849,54.66304775,9.236439047,16.02389284,19.67255221
Least developed countries: UN classification,2.028444372,1164.918316,7.060406249,4.703273588,48.0351312,5.625167595,14.71533225,28.51869662
Sri Lanka,0.671922358,4013.687657,8.297465713,8.057160083,41.05866694,5.238999844,17.89156325,
Lesotho,-0.495654043,1094.098185,6.997685728,-0.884113276,132.2319923,18.29299927,15.06433207,
Lithuania,4.431756128,23723.34025,10.07421466,6.508053138,156.4650539,7.110000134,16.1234125,20.79883594
Luxembourg,-10.5885584,133590.147,11.80253179,6.181292455,388.1204334,5.25,4.849799629,22.87864699
Latvia,9.33689137,21148.16294,9.959308322,6.881441804,130.366019,7.510000229,11.96764224,21.57889978
"Macao SAR, China",16.10826654,43873.59116,10.68906785,-0.58988903,163.9015247,2.253000021,0.8513126304,32.14415343
Morocco,1.50549107,3795.380127,8.24153985,3.244246271,74.95168025,10.54199982,15.3309494,28.81798594
Monaco,,234315.4605,12.36442361,1.333036901,,,,
Moldova,2.860616043,5230.661733,8.562293075,3.328590482,88.6124715,3.230000019,9.378243701,16.8583799
Madagascar,2.470437815,500.511032,6.21562964,7.397071516,50.41573705,2.309999943,,8.721456984
Maldives,8.203994537,10366.29336,9.246314799,1.738646164,143.0847531,5.256999969,1.937401728,30.18140995
Mexico,2.620110584,10045.6805,9.21489802,5.164095655,83.61527162,4.090000153,18.07515737,23.54179724
Marshall Islands,2.073967081,6172.145065,8.727801717,6.186797098,116.2039801,,2.100418936,
North Macedonia,5.036188199,6694.641126,8.809062653,3.535646066,148.468967,15.77999973,12.65980976,29.15034243
Mali,3.343410303,873.7948624,6.772845637,2.454351558,69.80359517,2.602999926,6.721309623,
Malta,25.1529476,33486.67198,10.41890279,1.810518127,287.6734349,3.529999971,7.167621396,29.15296449
Myanmar,3.174912996,1209.926942,7.098315258,4.802555004,53.10430966,,,
Montenegro,11.83601895,9465.703999,9.15543044,5.293594728,105.0299932,16.87000084,3.852906774,17.45829814
Mongolia,14.21773187,4566.140154,8.426423522,14.42006548,119.0980784,7.75,7.109182102,20.29233435
Mozambique,33.56453774,491.8391128,6.198151657,3.536349374,100.2172083,3.938999891,7.806713651,14.89516967
Mauritania,10.70654077,2166.046799,7.680659034,12.57197793,100.3930214,11.2869997,5.284949486,38.36806298
Mauritius,2.196099537,9106.237202,9.116714865,3.323174543,97.7882955,7.656000137,11.6531092,8.488597226
Malawi,0.367577809,634.8356601,6.453366162,8.458771962,,5.657999992,,
Malaysia,4.985683442,11109.26184,9.315534439,5.713674976,130.5697916,4.046000004,23.46820054,26.06812543
North America,2.027208348,68369.66279,11.13268448,4.492792236,28.56023711,5.586510555,10.58674594,18.51973854
Namibia,5.272833453,4865.557765,8.489936637,1.733295051,79.72770166,21.26799965,11.26296556,7.137352812
New Caledonia,-4.903017255,37159.54677,10.522976,,,12.43599987,,
Niger,3.98812655,590.6294548,6.381188841,3.118640663,37.51110457,0.667999983,7.639453478,
Nigeria,0.751578401,2065.749068,7.633248184,10.13103369,22.57653861,5.93599987,14.61070297,33.87141121
Nicaragua,8.706901281,2045.535402,7.623414844,3.328088635,106.2322969,5.93200016,13.96950809,20.25684834
Netherlands,-13.99437059,57767.87881,10.96418817,2.524821467,155.7000827,4.210000038,10.82762309,28.63109884
Norway,2.941962647,89154.27609,11.39812359,16.91134998,70.88755788,4.369999886,5.49453123,40.30954637
Nepal,0.541009512,1208.218534,7.096902268,5.511971478,43.81122818,12.22299957,4.66559835,32.67631566
Nauru,,10648.14139,9.273140639,2.843315185,147.3389356,,,
New Zealand,1.816796303,48781.02663,10.79509672,4.327652512,49.10124637,3.779999971,,18.47188189
Oman,4.557677434,19509.46646,9.878655086,12.69571522,93.91614616,2.512000084,9.12402522,17.54663021
Pakistan,0.603567634,1505.010193,7.31655495,10.21467665,27.05014373,6.340000153,11.91208648,13.92335317
Panama,2.122671105,14617.60448,9.589981868,2.168916068,92.69809339,10.30099964,5.409314662,28.61963241
Peru,3.339365833,6621.574336,8.798088436,8.422193115,55.50360019,5.099999905,13.14700199,20.65211457
Philippines,3.149722744,3460.530963,8.149177314,2.293436284,63.50157095,2.631999969,17.63680409,20.21713549
Palau,14.94444444,12083.88815,9.399628286,-0.235136043,,,1.101928375,
Papua New Guinea,-0.040281148,2672.94579,7.890936435,12.74919107,,2.825000048,,
Poland,5.462253623,17999.90995,9.798122034,5.052506002,112.4455972,3.359999895,16.72083441,19.47704297
Puerto Rico,,32640.71034,10.39331557,3.188583358,96.67160131,7.900000095,48.12829205,
Portugal,3.095036374,24567.50927,10.10918009,1.398791778,86.1710841,6.579999924,12.42699714,19.15068659
Paraguay,0.524352949,5891.499965,8.681265907,7.123506029,70.80108137,7.309999943,19.65842557,23.26229023
Qatar,-0.608539382,66838.35743,11.11003241,22.47217633,93.04582434,0.170000002,8.764580678,51.43035067
Romania,4.131901185,14858.22943,9.606309161,5.416597808,87.35839435,5.590000153,15.56243458,19.00390475
Russian Federation,2.274026596,12194.77734,9.408763052,16.46716058,52.1670081,4.71999979,14.44573732,29.47572003
Rwanda,1.914085861,822.3479886,6.712163649,2.742318867,53.85224757,13.31499958,9.183092147,15.35021158
South Asia,1.218406311,2149.821595,7.673140139,5.107622533,42.30487823,7.296216641,14.5029051,29.06414591
Saudi Arabia,2.313699999,23185.87079,10.05129835,14.78699188,59.11648471,6.691999912,13.05517468,
Sudan,1.523243969,751.8213501,6.622498729,235.5154426,4.127459,19.04999924,,6.711570097
Senegal,8.079177813,1636.893209,7.400555339,2.449290575,63.26358485,3.497999907,14.76146367,
Singapore,26.57284209,72794.00302,11.19538885,4.032514223,338.3097538,3.539999962,21.07415386,44.23622021
Solomon Islands,1.711265873,2304.844567,7.74276852,4.046735385,63.34211969,0.987999976,,
Sierra Leone,5.251773891,480.0392113,6.173867791,6.691503675,58.39083202,3.697000027,2.169006891,
El Salvador,2.890014089,4551.184661,8.423142843,6.088425321,84.36841222,4.349999905,15.17778163,17.12387297
Somalia,5.971421071,446.9815596,6.10251734,7.660474052,105.8730991,19.93099976,,
Serbia,7.240894623,9230.178316,9.130233646,5.913614785,116.7625097,10.06000042,13.00225679,21.22672149
Sao Tome and Principe,11.20283074,2360.543554,7.766647191,5.342237712,,15.34000015,5.508827009,
Suriname,-4.446186883,4869.134226,8.490671423,56.11973655,,9.078000069,22.61111906,
Slovak Republic,0.833199772,21391.92533,9.970768809,2.383313617,187.8274785,6.829999924,19.73736463,19.04215028
Slovenia,3.479250297,29291.40062,10.28504926,2.60708736,160.9202221,4.739999771,20.02696978,25.88455821
Sweden,8.28771595,61028.73806,11.01910015,2.97615309,86.6855668,8.720000267,12.6777826,31.21222844
Eswatini,2.379449999,3978.403528,8.288635894,-0.899357001,90.96836582,24.55999947,26.66233786,18.36210864
Seychelles,7.662997314,14653.30939,9.592421486,2.693594301,152.7392218,,5.201103998,6.986441468
Turks and Caicos Islands,3.041577044,20908.5827,9.947915009,-0.077269292,,,0.656821622,
Chad,4.772212579,685.6902841,6.530426045,7.199988308,82.98477687,1.537999988,,
Togo,1.543827631,973.2061291,6.880595909,1.659734477,57.5419398,4.175000191,13.71337971,
Thailand,2.893756067,7066.190546,8.863076794,1.902052266,116.6571964,0.991999984,27.00880706,27.79619997
Tajikistan,0.960845885,897.0475103,6.799108826,7.883802015,,7.743999958,,
Turkmenistan,,,#NUM!,,,4.787000179,,
Timor-Leste,1.901053504,2741.393931,7.916221804,59.34252377,100.1664551,4.974999905,0.7540718901,-5.623899121
Tonga,0.055087451,4426.000637,8.395251665,-1.946211793,73.36746933,2.66899991,5.188789572,4.564189596
Trinidad and Tobago,-4.475610431,16032.50277,9.682373364,17.48308667,,4.449999809,19.48048387,
Tunisia,1.1418428,3807.13915,8.244633307,4.536052976,94.35217271,16.26399994,14.4173084,7.946205738
Turkiye,1.614582655,9661.235975,9.175876867,28.95058611,70.8349232,11.97999954,22.20755381,30.30965461
Tuvalu,0.316050651,5632.002993,8.636220429,1.956521739,,,,
Tanzania,1.358803511,1099.287598,7.002417611,4.406504371,31.38327631,2.74000001,8.295659686,
Uganda,2.715184651,883.8920323,6.78433492,2.545119296,41.71363074,4.295000076,16.43374919,8.785126934
Ukraine,3.975299809,4835.571777,8.483754659,25.05968046,82.62129976,9.829999924,10.30247049,12.47807643
Uruguay,6.153039795,17313.18835,9.759223822,10.0070997,56.80592445,9.289999962,10.6505888,16.377136
United States,1.922892777,70248.629,11.15979607,4.492792236,25.48140027,5.349999905,10.71037081,18.09990315
Uzbekistan,3.006371824,1983.064723,7.592398767,13.55920538,63.88253596,6.017000198,19.97502331,33.64479309
Vietnam,4.277080639,3756.489121,8.231240056,2.778272945,186.4681832,2.380000114,24.61742908,32.65274964
Vanuatu,4.320906669,2996.621062,8.00524062,0.698530126,53.19805489,2.118000031,,48.36732661
World,2.220047547,12236.61574,9.412188026,4.327652512,56.5286218,6.201811583,16.62456665,26.97215387
Samoa,1.050804219,3857.318464,8.257727523,-0.403699529,60.89415377,9.909999847,4.874714056,28.30391369
Kosovo,5.322206947,5269.783901,8.569744635,6.115582547,98.63843049,,12.89153197,27.22044837
Zambia,-3.716345994,1137.343633,7.036450676,27.5858339,85.99217656,6.21999979,9.423860926,42.89036136
Zimbabwe,0.585099586,1773.920411,7.480947298,113.2949806,56.31268006,8.067000389,12.44293387,